{"cameraMode":{"drawMode":0,"name":"Shaded","section":"Shading Mode"},"sceneLighting":false,"audioPlay":false,"sceneViewState":{"showFog":true,"showMaterialUpdate":false,"showSkybox":true,"showFlares":true,"showImageEffects":true,"showParticleSystems":true},"in2DMode":false,"pivot":{"x":11.434800148010254,"y":14.08281421661377,"z":219.87741088867188},"rotation":{"x":-0.3125348687171936,"y":0.10288841277360916,"z":-0.0340740829706192,"w":-0.9437028169631958},"size":0.2857949137687683,"orthographic":false}