{"cameraMode":{"drawMode":0,"name":"Shaded","section":"Shading Mode"},"sceneLighting":false,"audioPlay":false,"sceneViewState":{"showFog":true,"showMaterialUpdate":false,"showSkybox":true,"showFlares":true,"showImageEffects":true,"showParticleSystems":true},"in2DMode":false,"pivot":{"x":13.050853729248047,"y":-0.2585407495498657,"z":-250.81008911132813},"rotation":{"x":-0.05243720859289169,"y":0.03833610936999321,"z":0.002014493104070425,"w":0.9978861212730408},"size":33.00868225097656,"orthographic":false}