{"cameraMode":{"drawMode":0,"name":"Shaded","section":"Shading Mode"},"sceneLighting":false,"audioPlay":false,"sceneViewState":{"showFog":true,"showMaterialUpdate":false,"showSkybox":true,"showFlares":true,"showImageEffects":true,"showParticleSystems":true},"in2DMode":false,"pivot":{"x":12.26274299621582,"y":13.747118949890137,"z":206.62330627441407},"rotation":{"x":-0.10516032576560974,"y":-0.8934921026229858,"z":0.33357223868370058,"w":-0.28167831897735598},"size":7.991739749908447,"orthographic":false}