{"cameraMode":{"drawMode":0,"name":"Shaded","section":"Shading Mode"},"sceneLighting":false,"audioPlay":false,"sceneViewState":{"showFog":true,"showMaterialUpdate":false,"showSkybox":true,"showFlares":true,"showImageEffects":true,"showParticleSystems":true},"in2DMode":false,"pivot":{"x":0.10000000894069672,"y":0.5307796001434326,"z":-12.790419578552246},"rotation":{"x":-0.05243720859289169,"y":0.03833610936999321,"z":0.002014493104070425,"w":0.9978861212730408},"size":2.3462374210357668,"orthographic":false}