{"cameraMode":{"drawMode":0,"name":"Shaded","section":"Shading Mode"},"sceneLighting":false,"audioPlay":false,"sceneViewState":{"showFog":true,"showMaterialUpdate":false,"showSkybox":true,"showFlares":true,"showImageEffects":true,"showParticleSystems":true},"in2DMode":false,"pivot":{"x":13.450620651245118,"y":4.88809871673584,"z":-251.34259033203126},"rotation":{"x":-0.05243720859289169,"y":0.03833610936999321,"z":0.002014493104070425,"w":0.9978861212730408},"size":13.558412551879883,"orthographic":false}