{"cameraMode":{"drawMode":0,"name":"Shaded","section":"Shading Mode"},"sceneLighting":false,"audioPlay":false,"sceneViewState":{"showFog":true,"showMaterialUpdate":false,"showSkybox":true,"showFlares":true,"showImageEffects":true,"showParticleSystems":true},"in2DMode":false,"pivot":{"x":2.9802322387695315e-8,"y":0.7326276302337647,"z":-1.0},"rotation":{"x":-0.05243720859289169,"y":0.03833610936999321,"z":0.002014493104070425,"w":0.9978861212730408},"size":2.9266366958618166,"orthographic":false}